{"cameraMode":{"drawMode":0,"name":"Shaded","section":"Shading Mode"},"sceneLighting":false,"audioPlay":false,"sceneViewState":{"showFog":true,"showMaterialUpdate":false,"showSkybox":false,"showFlares":true,"showImageEffects":true,"showParticleSystems":true},"in2DMode":false,"pivot":{"x":-0.02499997615814209,"y":-0.3265000283718109,"z":0.0},"rotation":{"x":0.029946796596050264,"y":0.056943513453006747,"z":-0.0017088196473196149,"w":0.9979267120361328},"size":3.2116856575012209,"orthographic":true}